{
  "project_info": {
    "project_number": "7415859643",
    "firebase_url": "https://forumapp-b2203-default-rtdb.firebaseio.com",
    "project_id": "forumapp-b2203",
    "storage_bucket": "forumapp-b2203.appspot.com"
  },
  "client": [
    {
      "client_info": {
        "mobilesdk_app_id": "1:7415859643:android:1f05390d99bec500b85c9e",
        "android_client_info": {
          "package_name": "com.example.hw_05"
        }
      },
      "oauth_client": [
        {
          "client_id": "7415859643-n0eufpkk2udq2imgvokbu4ma27b55tuh.apps.googleusercontent.com",
          "client_type": 3
        }
      ],
      "api_key": [
        {
          "current_key": "AIzaSyDWpmv0yh2vI-JJBNrsDSeyM_QrKizTogo"
        }
      ],
      "services": {
        "appinvite_service": {
          "other_platform_oauth_client": [
            {
              "client_id": "7415859643-n0eufpkk2udq2imgvokbu4ma27b55tuh.apps.googleusercontent.com",
              "client_type": 3
            }
          ]
        }
      }
    },
    {
      "client_info": {
        "mobilesdk_app_id": "1:7415859643:android:12f2dbeedf3e7cc0b85c9e",
        "android_client_info": {
          "package_name": "com.example.in_class_08"
        }
      },
      "oauth_client": [
        {
          "client_id": "7415859643-n0eufpkk2udq2imgvokbu4ma27b55tuh.apps.googleusercontent.com",
          "client_type": 3
        }
      ],
      "api_key": [
        {
          "current_key": "AIzaSyDWpmv0yh2vI-JJBNrsDSeyM_QrKizTogo"
        }
      ],
      "services": {
        "appinvite_service": {
          "other_platform_oauth_client": [
            {
              "client_id": "7415859643-n0eufpkk2udq2imgvokbu4ma27b55tuh.apps.googleusercontent.com",
              "client_type": 3
            }
          ]
        }
      }
    }
  ],
  "configuration_version": "1"
}